Time	Reference	Direct (Unifrom)	Direct(Non-uniform)	MPC(Unifrom)	MPC(Non-Uniform)	MPC(Non-Unifrom with  INL Feedback)	MPC Truncated
0.0	4.0	4	4.62	2	2.51	2.51	2.0
0.001	4.125643036312513	4	4.62	7	7.11	7.11	6.0
0.002	4.251162078117254	4	4.62	2	2.51	4.62	0.999999999999996
0.003	4.376433253274057	4	4.62	6	6.529999999999999	0.0	-0.0
0.004	4.501332934257217	5	4.62	3	2.51	11.83	8.0
0.005	4.625737860160924	5	4.62	6	6.529999999999999	0.0	-0.0
0.006	4.749525258342898	5	4.62	4	4.62	6.529999999999999	4.0
0.007	4.87257296558617	5	4.62	5	4.62	6.65	3.0
0.008	4.994759548659419	5	4.62	5	4.62	4.62	1.0
0.009000000000000001	5.1159644241569175	5	5.39	5	4.62	2.51	2.0
0.01	5.23606797749979	5	5.39	6	6.529999999999999	11.83	8.0
0.011	5.3549516809811655	5	5.39	4	4.62	0.0	-0.0
0.012	5.472498210738712	5	5.39	7	7.11	7.11	6.0
0.013000000000000001	5.588591562539122	6	5.39	4	4.62	7.11	6.0
0.014	5.703117166260291	6	5.39	7	7.11	6.65	3.0
0.015	5.815961998958187	6	5.39	5	4.62	2.51	2.0
0.016	5.927014696406861	6	5.39	6	6.529999999999999	11.83	8.0
0.017	6.036165663001485	6	6.529999999999999	7	7.11	0.0	-0.0
0.018000000000000002	6.143307179915986	6	6.529999999999999	5	4.62	11.83	8.0
0.019	6.248333511408522	6	6.529999999999999	7	7.11	4.62	1.0
0.02	6.3511410091698925	6	6.529999999999999	6	6.529999999999999	6.529999999999999	4.0
0.021	6.451628214611906	6	6.529999999999999	6	6.529999999999999	5.39	5.0
0.022	6.549695958994759	7	6.529999999999999	8	7.11	9.19	7.0
0.023	6.645247461294607	7	6.65	5	4.62	6.529999999999999	4.0
0.024	6.738188423714755	7	6.65	8	7.11	6.529999999999999	4.0
0.025	6.82842712474619	7	6.65	6	6.529999999999999	5.39	5.0
0.026000000000000002	6.915874509685646	7	7.11	7	7.11	11.83	8.0
0.027	7.000444278521838	7	7.11	8	7.11	4.62	1.0
0.028	7.082052971103157	7	7.11	6	6.529999999999999	5.39	5.0
0.029	7.160620049502762	7	7.11	8	7.11	11.83	8.0
0.03	7.23606797749979	7	7.11	7	7.11	6.65	3.0
0.031	7.308322297098247	7	7.11	7	7.11	6.529999999999999	4.0
0.032	7.37731170200806	7	7.11	8	7.11	7.11	6.0
0.033	7.442968108015775	7	7.11	7	7.11	11.83	8.0
0.034	7.505226720175455	8	7.11	8	7.11	4.62	1.0
0.035	7.564026096753471	8	7.11	7	7.11	7.11	6.0
0.036000000000000004	7.619308209864078	8	7.11	8	7.11	11.83	8.0
0.037	7.671018502735924	8	7.11	8	7.11	6.65	3.0
0.038	7.719105943553005	8	7.11	7	7.11	5.39	5.0
0.039	7.763523075816902	8	7.11	8	7.11	11.83	8.0
0.04	7.804226065180615	8	7.11	8	7.11	6.529999999999999	4.0
0.041	7.841174742707772	8	7.11	8	7.11	7.11	6.0
0.042	7.874332644514524	8	7.11	8	7.11	11.83	8.0
0.043000000000000003	7.90366704775499	8	7.11	7	7.11	6.65	3.0
0.044	7.929149002914754	8	7.11	8	7.11	5.39	5.0
0.045	7.950753362380551	8	7.11	8	7.11	11.83	8.0
0.046	7.968458805257912	8	7.11	8	7.11	5.39	5.0
0.047	7.98224785841232	8	7.11	8	7.11	11.83	8.0
0.048	7.992106913713086	8	7.11	8	7.11	6.529999999999999	4.0
0.049	7.998026241462926	8	7.11	8	7.11	7.11	6.0
0.05	8.0	8	7.11	8	7.11	11.83	8.0
0.051000000000000004	7.998026241462926	8	7.11	8	7.11	6.65	3.0
0.052000000000000005	7.992106913713086	8	7.11	8	7.11	7.11	6.0
0.053	7.98224785841232	8	7.11	8	7.11	11.83	8.0
0.054	7.968458805257912	8	7.11	8	7.11	6.65	3.0
0.055	7.950753362380551	8	7.11	8	7.11	5.39	5.0
0.056	7.929149002914755	8	7.11	8	7.11	11.83	8.0
0.057	7.90366704775499	8	7.11	8	7.11	5.39	5.0
0.058	7.874332644514524	8	7.11	8	7.11	11.83	8.0
0.059000000000000004	7.841174742707772	8	7.11	8	7.11	6.65	3.0
0.06	7.804226065180615	8	7.11	7	7.11	5.39	5.0
0.061	7.763523075816902	8	7.11	8	7.11	11.83	8.0
0.062	7.719105943553005	8	7.11	8	7.11	6.529999999999999	4.0
0.063	7.671018502735925	8	7.11	8	7.11	7.11	6.0
0.064	7.619308209864078	8	7.11	7	7.11	11.83	8.0
0.065	7.564026096753471	8	7.11	8	7.11	2.51	2.0
0.066	7.505226720175454	8	7.11	7	7.11	11.83	8.0
0.067	7.442968108015775	7	7.11	8	7.11	6.529999999999999	4.0
0.068	7.377311702008059	7	7.11	7	7.11	5.39	5.0
0.069	7.308322297098247	7	7.11	8	7.11	11.83	8.0
0.07	7.23606797749979	7	7.11	6	6.529999999999999	6.65	3.0
0.07100000000000001	7.160620049502761	7	7.11	8	7.11	6.65	3.0
0.07200000000000001	7.082052971103157	7	7.11	8	7.11	5.39	5.0
0.073	7.000444278521838	7	7.11	5	4.62	11.83	8.0
0.074	6.915874509685647	7	7.11	8	7.11	2.51	2.0
0.075	6.82842712474619	7	6.65	8	7.11	11.83	8.0
0.076	6.738188423714755	7	6.65	4	4.62	4.62	1.0
0.077	6.645247461294607	7	6.65	8	7.11	5.39	5.0
0.078	6.549695958994759	7	6.529999999999999	8	7.11	11.83	8.0
0.079	6.451628214611906	6	6.529999999999999	4	4.62	0.0	-0.0
0.08	6.351141009169893	6	6.529999999999999	8	7.11	11.83	8.0
0.081	6.2483335114085214	6	6.529999999999999	6	6.529999999999999	2.51	2.0
0.082	6.143307179915986	6	6.529999999999999	5	4.62	11.83	8.0
0.083	6.036165663001484	6	6.529999999999999	8	7.11	0.0	-0.0
0.084	5.927014696406861	6	5.39	4	4.62	11.83	8.0
0.085	5.815961998958187	6	5.39	7	7.11	0.0	-0.0
0.08600000000000001	5.70311716626029	6	5.39	6	6.529999999999999	11.83	8.0
0.08700000000000001	5.588591562539122	6	5.39	4	4.62	0.0	-0.0
0.088	5.472498210738713	5	5.39	8	7.11	11.83	8.0
0.089	5.354951680981167	5	5.39	3	2.51	0.0	-0.0
0.09	5.23606797749979	5	5.39	6	6.529999999999999	9.19	7.0
0.091	5.115964424156918	5	5.39	7	7.11	2.51	2.0
0.092	4.994759548659419	5	4.62	2	2.51	7.11	5.999999999999997
0.093	4.872572965586171	5	4.62	7	7.11	6.65	2.999999999999997
0.094	4.749525258342898	5	4.62	4	4.62	0.0	-0.0
0.095	4.625737860160924	5	4.62	4	4.62	11.83	8.0
0.096	4.501332934257216	5	4.62	7	7.11	0.0	-0.0
0.097	4.376433253274057	4	4.62	1	0.0	6.65	3.0
0.098	4.251162078117254	4	4.62	7	7.11	4.62	1.0
0.099	4.125643036312513	4	4.62	3	2.51	4.62	1.0
0.1	4.000000000000001	4	4.62	3	2.51	4.62	1.0
0.101	3.8743569636874864	4	4.62	6	6.529999999999999	0.0	-0.0
0.10200000000000001	3.7488379218827466	4	4.62	2	2.51	11.83	8.0
0.10300000000000001	3.623566746725942	4	4.62	4	4.62	0.0	-0.0
0.10400000000000001	3.498667065742783	3	2.51	5	4.62	0.0	-0.0
0.105	3.374262139839077	3	2.51	0	0.0	11.83	8.0
0.106	3.2504747416571025	3	2.51	7	7.11	0.0	-0.0
0.107	3.12742703441383	3	2.51	1	0.0	0.0	-0.0
0.108	3.0052404513405815	3	2.51	2	2.51	7.11	6.0
0.109	2.884035575843083	3	2.51	6	6.529999999999999	4.62	1.0
0.11	2.763932022500211	3	2.51	0	0.0	0.0	-0.0
0.111	2.645048319018834	3	2.51	4	4.62	4.62	1.0
0.112	2.5275017892612883	3	2.51	2	2.51	0.0	-0.0
0.113	2.4114084374608784	2	2.51	3	2.51	5.39	5.0
0.114	2.2968828337397094	2	2.51	1	0.0	0.0	-0.0
0.115	2.184038001041813	2	2.51	4	4.62	6.529999999999999	4.0
0.116	2.0729853035931383	2	2.51	0	0.0	0.0	-0.0
0.117	1.9638343369985152	2	2.51	4	4.62	0.0	-0.0
0.11800000000000001	1.856692820084013	2	2.51	0	0.0	6.529999999999999	4.000000000000001
0.11900000000000001	1.7516664885914777	2	2.51	3	2.51	0.0	-0.0
0.12	1.648858990830108	2	2.51	1	0.0	0.0	-0.0
0.121	1.548371785388095	2	2.51	2	2.51	6.65	3.0
0.122	1.4503040410052415	1	2.51	1	0.0	0.0	-0.0
0.123	1.3547525387053931	1	2.51	2	2.51	0.0	-0.0
0.124	1.261811576285245	1	2.51	0	0.0	0.0	-0.0
0.125	1.1715728752538102	1	0.0	3	2.51	6.529999999999999	4.0
0.126	1.0841254903143547	1	0.0	0	0.0	0.0	-0.0
0.127	0.9995557214781621	1	0.0	0	0.0	0.0	-0.0
0.128	0.9179470288968425	1	0.0	3	2.51	0.0	-0.0
0.129	0.8393799504972383	1	0.0	0	0.0	2.51	2.0
0.13	0.7639320225002106	1	0.0	0	0.0	0.0	0.0
0.131	0.6916777029017536	1	0.0	2	2.51	4.62	1.0
0.132	0.6226882979919388	1	0.0	0	0.0	0.0	-0.0
0.133	0.557031891984225	1	0.0	0	0.0	0.0	-0.0
0.134	0.49477327982454566	0	0.0	1	0.0	0.0	-0.0
0.135	0.43597390324652885	0	0.0	1	0.0	0.0	-0.0
0.136	0.3806917901359208	0	0.0	0	0.0	2.51	2.0
0.137	0.328981497264075	0	0.0	0	0.0	0.0	-0.0
0.138	0.28089405644699417	0	0.0	0	0.0	0.0	-0.0
0.139	0.23647692418309818	0	0.0	1	0.0	0.0	-0.0
0.14	0.19577393481938588	0	0.0	0	0.0	0.0	-0.0
0.14100000000000001	0.1588252572922273	0	0.0	0	0.0	4.62	1.0
0.14200000000000002	0.12566735548547525	0	0.0	0	0.0	0.0	-0.0
0.14300000000000002	0.09633295224501026	0	0.0	0	0.0	0.0	-0.0
0.14400000000000002	0.07085099708524512	0	0.0	0	0.0	0.0	-0.0
0.145	0.04924663761944936	0	0.0	0	0.0	0.0	-0.0
0.146	0.03154119474208894	0	0.0	0	0.0	0.0	-0.0
0.147	0.017752141587680015	0	0.0	0	0.0	0.0	-0.0
0.148	0.007893086286913764	0	0.0	0	0.0	0.0	0.0
0.149	0.0019737585370736	0	0.0	0	0.0	0.0	0.0
0.15	0.0	0	0.0	0	0.0	0.0	0.0
0.151	0.0019737585370736	0	0.0	0	0.0	0.0	-0.0
0.152	0.007893086286913764	0	0.0	0	0.0	0.0	-0.0
0.153	0.01775214158767957	0	0.0	0	0.0	0.0	-0.0
0.154	0.031541194742088496	0	0.0	0	0.0	0.0	-0.0
0.155	0.04924663761944892	0	0.0	0	0.0	0.0	-0.0
0.156	0.07085099708524512	0	0.0	0	0.0	0.0	-0.0
0.157	0.09633295224500982	0	0.0	0	0.0	0.0	0.0
0.158	0.1256673554854757	0	0.0	0	0.0	0.0	0.0
0.159	0.15882525729222774	0	0.0	0	0.0	0.0	0.0
0.16	0.19577393481938543	0	0.0	1	0.0	4.62	1.0
0.161	0.23647692418309774	0	0.0	0	0.0	0.0	-0.0
0.162	0.28089405644699506	0	0.0	0	0.0	0.0	-0.0
0.163	0.32898149726407544	0	0.0	0	0.0	0.0	-0.0
0.164	0.3806917901359217	0	0.0	1	0.0	0.0	-0.0
0.165	0.4359739032465284	0	0.0	0	0.0	0.0	-0.0
0.166	0.49477327982454655	0	0.0	1	0.0	2.51	2.0
0.167	0.5570318919842263	1	0.0	0	0.0	0.0	-0.0
0.168	0.6226882979919401	1	0.0	1	0.0	0.0	-0.0
0.169	0.6916777029017527	1	0.0	0	0.0	0.0	0.0
0.17	0.7639320225002098	1	0.0	2	2.51	6.65	3.0
0.171	0.8393799504972397	1	0.0	0	0.0	0.0	-0.0
0.17200000000000001	0.9179470288968439	1	0.0	0	0.0	0.0	-0.0
0.17300000000000001	0.9995557214781621	1	0.0	3	2.51	0.0	-0.0
0.17400000000000002	1.0841254903143538	1	0.0	0	0.0	0.0	-0.0
0.17500000000000002	1.171572875253812	1	0.0	0	0.0	5.39	5.0
0.176	1.2618115762852442	1	2.51	4	4.62	0.0	-0.0
0.177	1.354752538705391	1	2.51	0	0.0	0.0	-0.0
0.178	1.4503040410052388	1	2.51	0	0.0	4.62	1.0
0.179	1.548371785388094	2	2.51	4	4.62	0.0	-0.0
0.18	1.6488589908301066	2	2.51	0	0.0	0.0	-0.0
0.181	1.7516664885914763	2	2.51	2	2.51	6.529999999999999	4.000000000000001
0.182	1.8566928200840116	2	2.51	3	2.51	0.0	-0.0
0.183	1.963834336998512	2	2.51	0	0.0	0.0	-0.0
0.184	2.0729853035931387	2	2.51	4	4.62	6.529999999999999	4.0
0.185	2.184038001041812	2	2.51	1	0.0	0.0	-0.0
0.186	2.296882833739708	2	2.51	2	2.51	0.0	-0.0
0.187	2.4114084374608753	2	2.51	4	4.62	7.11	6.000000000000002
0.188	2.5275017892612883	3	2.51	0	0.0	0.0	-0.0
0.189	2.6450483190188345	3	2.51	5	4.62	4.62	1.0
0.19	2.7639320225002093	3	2.51	2	2.51	0.0	-0.0
0.191	2.8840355758430816	3	2.51	1	0.0	5.39	5.0
0.192	3.005240451340582	3	2.51	6	6.529999999999999	4.62	1.0
0.193	3.1274270344138304	3	2.51	1	0.0	0.0	-0.0
0.194	3.250474741657101	3	2.51	4	4.62	6.65	3.0
0.195	3.3742621398390753	3	2.51	4	4.62	0.0	-0.0
0.196	3.498667065742781	3	2.51	1	0.0	5.39	5.0
0.197	3.623566746725944	4	4.62	7	7.11	6.529999999999999	4.0
0.198	3.748837921882747	4	4.62	1	0.0	0.0	-0.0
0.199	3.8743569636874864	4	4.62	5	4.62	6.529999999999999	4.0
0.2	3.999999999999999	4	4.62	5	4.62	4.62	1.0
0.201	4.125643036312515	4	4.62	2	2.51	0.0	-0.0
0.202	4.251162078117255	4	4.62	6	6.529999999999999	11.83	8.0
0.203	4.376433253274057	4	4.62	4	4.62	0.0	-0.0
0.20400000000000001	4.501332934257217	5	4.62	3	2.51	6.65	3.0
0.20500000000000002	4.6257378601609265	5	4.62	8	7.11	4.62	1.0
0.20600000000000002	4.7495252583429	5	4.62	1	0.0	2.51	2.0
0.20700000000000002	4.872572965586171	5	4.62	7	7.11	11.83	8.0
0.20800000000000002	4.994759548659419	5	4.62	6	6.529999999999999	0.0	-0.0
0.209	5.115964424156913	5	5.39	2	2.51	6.529999999999999	4.0
0.21	5.236067977499789	5	5.39	8	7.11	6.529999999999999	4.0
0.211	5.354951680981164	5	5.39	4	4.62	2.51	2.0
0.212	5.47249821073871	5	5.39	6	6.529999999999999	11.83	8.0
0.213	5.588591562539119	6	5.39	5	4.62	0.0	-0.0
0.214	5.70311716626029	6	5.39	7	7.11	9.19	7.0
0.215	5.815961998958186	6	5.39	4	4.62	6.65	3.0
0.216	5.927014696406859	6	5.39	8	7.11	2.51	2.0
0.217	6.0361656630014835	6	6.529999999999999	4	4.62	11.83	8.0
0.218	6.143307179915986	6	6.529999999999999	8	7.11	0.0	-0.0
0.219	6.2483335114085214	6	6.529999999999999	5	4.62	11.83	8.0
0.22	6.351141009169892	6	6.529999999999999	7	7.11	2.51	2.0
0.221	6.451628214611905	6	6.529999999999999	6	6.529999999999999	11.83	8.0
0.222	6.549695958994759	7	6.529999999999999	7	7.11	0.0	-0.0
0.223	6.645247461294607	7	6.65	6	6.529999999999999	11.83	8.0
0.224	6.738188423714755	7	6.65	8	7.11	6.529999999999999	4.0
0.225	6.82842712474619	7	6.65	5	4.62	6.529999999999999	4.0
0.226	6.915874509685645	7	7.11	8	7.11	5.39	5.0
0.227	7.000444278521838	7	7.11	8	7.11	11.83	8.0
0.228	7.082052971103157	7	7.11	5	4.62	4.62	1.0
0.229	7.160620049502761	7	7.11	8	7.11	5.39	5.0
0.23	7.236067977499789	7	7.11	8	7.11	11.83	8.0
0.231	7.308322297098249	7	7.11	6	6.529999999999999	6.65	3.0
0.232	7.377311702008061	7	7.11	8	7.11	6.529999999999999	4.0
0.233	7.442968108015775	7	7.11	8	7.11	7.11	6.0
0.234	7.505226720175454	8	7.11	7	7.11	11.83	8.0
0.23500000000000001	7.564026096753473	8	7.11	7	7.11	2.51	2.0
0.23600000000000002	7.619308209864078	8	7.11	8	7.11	11.83	8.0
0.23700000000000002	7.671018502735925	8	7.11	8	7.11	5.39	5.0
0.23800000000000002	7.719105943553005	8	7.11	8	7.11	11.83	8.0
0.23900000000000002	7.763523075816902	8	7.11	7	7.11	6.65	3.0
0.24	7.804226065180615	8	7.11	8	7.11	5.39	5.0
0.241	7.841174742707771	8	7.11	8	7.11	11.83	8.0
0.242	7.874332644514524	8	7.11	8	7.11	5.39	4.999999999999998
0.243	7.903667047754989	8	7.11	8	7.11	11.83	8.0
0.244	7.929149002914754	8	7.11	8	7.11	6.65	3.0
0.245	7.950753362380551	8	7.11	8	7.11	5.39	5.0
0.246	7.968458805257911	8	7.11	8	7.11	11.83	8.0
0.247	7.98224785841232	8	7.11	8	7.11	5.39	5.0
0.248	7.992106913713086	8	7.11	8	7.11	11.83	8.0
0.249	7.998026241462926	8	7.11	8	7.11	6.529999999999999	4.0
0.25	8.0	8	7.11	8	7.11	7.11	6.0
0.251	7.998026241462926	8	7.11	8	7.11	11.83	8.0
0.252	7.992106913713086	8	7.11	8	7.11	6.65	3.0
0.253	7.98224785841232	8	7.11	8	7.11	7.11	6.0
0.254	7.968458805257912	8	7.11	8	7.11	11.83	8.0
0.255	7.950753362380551	8	7.11	8	7.11	6.65	3.0
0.256	7.929149002914754	8	7.11	8	7.11	5.39	5.0
0.257	7.90366704775499	8	7.11	8	7.11	11.83	8.0
0.258	7.874332644514524	8	7.11	8	7.11	5.39	5.0
0.259	7.841174742707772	8	7.11	8	7.11	11.83	8.0
0.26	7.804226065180615	8	7.11	7	7.11	6.65	3.0
0.261	7.763523075816902	8	7.11	8	7.11	5.39	5.0
0.262	7.719105943553007	8	7.11	8	7.11	11.83	8.0
0.263	7.671018502735923	8	7.11	8	7.11	6.529999999999999	4.0
0.264	7.6193082098640765	8	7.11	7	7.11	7.11	6.0
0.265	7.56402609675347	8	7.11	8	7.11	9.19	7.0
0.266	7.505226720175454	8	7.11	7	7.11	5.39	5.0
0.267	7.442968108015775	7	7.11	8	7.11	11.83	8.0
0.268	7.37731170200806	7	7.11	7	7.11	2.51	2.0
0.269	7.308322297098248	7	7.11	8	7.11	11.83	8.0
0.27	7.236067977499791	7	7.11	6	6.529999999999999	6.529999999999999	4.0
0.271	7.1606200495027625	7	7.11	8	7.11	5.39	5.0
0.272	7.082052971103154	7	7.11	8	7.11	11.83	8.0
0.273	7.000444278521836	7	7.11	5	4.62	4.62	1.0
0.274	6.9158745096856435	7	7.11	8	7.11	5.39	5.0
0.275	6.828427124746188	7	6.65	8	7.11	11.83	8.0
0.276	6.738188423714753	7	6.65	4	4.62	4.62	1.0
0.277	6.645247461294607	7	6.65	8	7.11	6.529999999999999	4.0
0.278	6.549695958994759	7	6.529999999999999	8	7.11	7.11	6.0
0.279	6.451628214611906	6	6.529999999999999	4	4.62	5.39	5.0
0.28	6.351141009169893	6	6.529999999999999	8	7.11	11.83	8.0
0.281	6.248333511408518	6	6.529999999999999	6	6.529999999999999	0.0	-0.0
0.28200000000000003	6.143307179915983	6	6.529999999999999	5	4.62	11.83	8.0
0.28300000000000003	6.036165663001482	6	6.529999999999999	8	7.11	4.62	1.0
0.28400000000000003	5.927014696406859	6	5.39	4	4.62	6.65	3.0
0.28500000000000003	5.815961998958185	6	5.39	7	7.11	6.65	3.0
0.28600000000000003	5.70311716626029	6	5.39	6	6.529999999999999	2.51	2.0
0.28700000000000003	5.588591562539122	6	5.39	4	4.62	11.83	8.0
0.28800000000000003	5.472498210738712	5	5.39	8	7.11	0.0	-0.0
0.289	5.354951680981166	5	5.39	3	2.51	9.19	7.0
0.29	5.236067977499792	5	5.39	6	6.529999999999999	2.51	2.0
0.291	5.115964424156919	5	5.39	7	7.11	7.11	6.0
0.292	4.994759548659422	5	4.62	2	2.51	6.529999999999999	4.0
0.293	4.872572965586174	5	4.62	7	7.11	0.0	-0.0
0.294	4.749525258342903	5	4.62	4	4.62	11.83	8.0
0.295	4.625737860160928	5	4.62	4	4.62	0.0	-0.0
0.296	4.501332934257222	5	4.62	7	7.11	6.529999999999999	4.0
0.297	4.3764332532740635	4	4.62	1	0.0	2.51	2.0
0.298	4.251162078117254	4	4.62	7	7.11	9.19	7.0
0.299	4.125643036312514	4	4.62	3	2.51	0.0	-0.0
0.3	4.000000000000002	4	4.62	3	2.51	6.529999999999999	4.0
0.301	3.874356963687489	4	4.62	6	6.529999999999999	4.62	1.0
0.302	3.7488379218827492	4	4.62	2	2.51	0.0	-0.0
0.303	3.6235667467259463	4	4.62	4	4.62	11.83	8.0
0.304	3.4986670657427874	3	2.51	5	4.62	0.0	-0.0
0.305	3.3742621398390815	3	2.51	0	0.0	0.0	-0.0
0.306	3.250474741657107	3	2.51	7	7.11	9.19	7.0
0.307	3.127427034413829	3	2.51	1	0.0	0.0	-0.0
0.308	3.005240451340581	3	2.51	2	2.51	2.51	2.0
0.309	2.884035575843084	3	2.51	6	6.529999999999999	5.39	5.0
0.31	2.763932022500212	3	2.51	0	0.0	0.0	-0.0
0.311	2.6450483190188363	3	2.51	4	4.62	5.39	5.0
0.312	2.527501789261291	3	2.51	2	2.51	0.0	-0.0
0.313	2.4114084374608806	2	2.51	3	2.51	6.529999999999999	4.0
0.314	2.2968828337397134	2	2.51	1	0.0	0.0	-0.0
0.315	2.1840380010418112	2	2.51	4	4.62	0.0	-0.0
0.316	2.072985303593138	2	2.51	0	0.0	7.11	6.0
0.317	1.9638343369985143	2	2.51	4	4.62	0.0	-0.0
0.318	1.8566928200840138	2	2.51	0	0.0	0.0	-0.0
0.319	1.7516664885914786	2	2.51	3	2.51	6.529999999999999	4.0
0.32	1.6488589908301088	2	2.51	1	0.0	0.0	-0.0
0.321	1.5483717853880958	2	2.51	2	2.51	0.0	-0.0
0.322	1.4503040410052437	1	2.51	1	0.0	4.62	1.0
0.323	1.3547525387053954	1	2.51	2	2.51	0.0	-0.0
0.324	1.2618115762852433	1	2.51	0	0.0	0.0	-0.0
0.325	1.1715728752538084	1	0.0	3	2.51	6.65	3.0
0.326	1.084125490314353	1	0.0	0	0.0	0.0	-0.0
0.327	0.9995557214781616	1	0.0	0	0.0	0.0	-0.0
0.328	0.917947028896843	1	0.0	3	2.51	0.0	-0.0
0.329	0.8393799504972392	1	0.0	0	0.0	4.62	1.0
0.33	0.7639320225002111	1	0.0	0	0.0	0.0	-0.0
0.331	0.691677702901754	1	0.0	2	2.51	0.0	-0.0
0.332	0.6226882979919375	1	0.0	0	0.0	0.0	-0.0
0.333	0.5570318919842236	1	0.0	0	0.0	2.51	2.0
0.334	0.49477327982454433	0	0.0	1	0.0	0.0	-0.0
0.335	0.4359739032465275	0	0.0	1	0.0	0.0	-0.0
0.336	0.38069179013592125	0	0.0	0	0.0	0.0	-0.0
0.337	0.328981497264075	0	0.0	0	0.0	4.62	1.0
0.338	0.2808940564469946	0	0.0	0	0.0	0.0	-0.0
0.339	0.23647692418309862	0	0.0	1	0.0	0.0	-0.0
0.34	0.19577393481938632	0	0.0	0	0.0	0.0	-0.0
0.341	0.1588252572922264	0	0.0	0	0.0	0.0	-0.0
0.342	0.12566735548547436	0	0.0	0	0.0	0.0	-0.0
0.343	0.09633295224500982	0	0.0	0	0.0	4.62	1.0
0.34400000000000003	0.07085099708524467	0	0.0	0	0.0	0.0	-0.0
0.34500000000000003	0.04924663761944892	0	0.0	0	0.0	0.0	-0.0
0.34600000000000003	0.031541194742088496	0	0.0	0	0.0	0.0	-0.0
0.34700000000000003	0.017752141587680015	0	0.0	0	0.0	0.0	-0.0
0.34800000000000003	0.007893086286913764	0	0.0	0	0.0	0.0	-0.0
0.34900000000000003	0.0019737585370736	0	0.0	0	0.0	0.0	-0.0
0.35000000000000003	0.0	0	0.0	0	0.0	0.0	-0.0
0.35100000000000003	0.001973758537074044	0	0.0	0	0.0	0.0	0.0
0.352	0.007893086286913764	0	0.0	0	0.0	0.0	0.0
0.353	0.01775214158767957	0	0.0	0	0.0	0.0	0.0
0.354	0.03154119474208805	0	0.0	0	0.0	0.0	-0.0
0.355	0.049246637619448475	0	0.0	0	0.0	0.0	-0.0
0.356	0.07085099708524423	0	0.0	0	0.0	0.0	-0.0
0.357	0.09633295224500893	0	0.0	0	0.0	0.0	0.0
0.358	0.12566735548547525	0	0.0	0	0.0	0.0	0.0
0.359	0.1588252572922273	0	0.0	0	0.0	0.0	0.0
0.36	0.195773934819385	0	0.0	1	0.0	4.62	1.0
0.361	0.2364769241830973	0	0.0	0	0.0	0.0	-0.0
0.362	0.2808940564469933	0	0.0	0	0.0	0.0	-0.0
0.363	0.32898149726407366	0	0.0	0	0.0	0.0	-0.0
0.364	0.3806917901359199	0	0.0	1	0.0	0.0	-0.0
0.365	0.4359739032465262	0	0.0	0	0.0	0.0	-0.0
0.366	0.49477327982454256	0	0.0	1	0.0	2.51	2.0
0.367	0.5570318919842259	1	0.0	0	0.0	0.0	-0.0
0.368	0.6226882979919397	1	0.0	1	0.0	0.0	-0.0
0.369	0.6916777029017522	1	0.0	0	0.0	0.0	0.0
0.37	0.7639320225002093	1	0.0	2	2.51	6.65	3.0
0.371	0.839379950497237	1	0.0	0	0.0	0.0	-0.0
0.372	0.9179470288968412	1	0.0	0	0.0	0.0	-0.0
0.373	0.9995557214781594	1	0.0	3	2.51	0.0	-0.0
0.374	1.0841254903143507	1	0.0	0	0.0	0.0	-0.0
0.375	1.1715728752538062	1	0.0	0	0.0	5.39	5.0
0.376	1.261811576285246	1	2.51	4	4.62	0.0	-0.0
0.377	1.3547525387053927	1	2.51	0	0.0	0.0	-0.0
0.378	1.450304041005241	1	2.51	0	0.0	4.62	1.0
0.379	1.5483717853880932	2	2.51	4	4.62	0.0	-0.0
0.38	1.6488589908301061	2	2.51	0	0.0	0.0	-0.0
0.381	1.7516664885914754	2	2.51	2	2.51	6.529999999999999	4.0
0.382	1.8566928200840107	2	2.51	3	2.51	0.0	-0.0
0.383	1.9638343369985112	2	2.51	0	0.0	0.0	-0.0
0.384	2.072985303593141	2	2.51	4	4.62	6.529999999999999	4.0
0.385	2.1840380010418143	2	2.51	1	0.0	0.0	-0.0
0.386	2.2968828337397103	2	2.51	2	2.51	0.0	-0.0
0.387	2.411408437460878	2	2.51	4	4.62	7.11	6.0
0.388	2.5275017892612874	3	2.51	0	0.0	0.0	-0.0
0.389	2.6450483190188336	3	2.51	5	4.62	4.62	1.0
0.39	2.7639320225002084	3	2.51	2	2.51	0.0	-0.0
0.391	2.8840355758430807	3	2.51	1	0.0	5.39	5.0
0.392	3.0052404513405775	3	2.51	6	6.529999999999999	4.62	1.0
0.393	3.1274270344138326	3	2.51	1	0.0	0.0	-0.0
0.394	3.250474741657104	3	2.51	4	4.62	6.65	3.0
0.395	3.374262139839078	3	2.51	4	4.62	0.0	-0.0
0.396	3.498667065742784	3	2.51	1	0.0	5.39	5.0
0.397	3.6235667467259427	4	4.62	7	7.11	6.529999999999999	4.0
0.398	3.748837921882746	4	4.62	1	0.0	0.0	-0.0
0.399	3.8743569636874855	4	4.62	5	4.62	6.529999999999999	4.0
0.4	3.9999999999999982	4	4.62	5	4.62	4.62	1.0
0.401	4.125643036312518	4	4.62	2	2.51	0.0	-0.0
0.402	4.251162078117257	4	4.62	6	6.529999999999999	11.83	8.0
0.403	4.37643325327406	4	4.62	4	4.62	0.0	-0.0
0.404	4.501332934257219	5	4.62	3	2.51	6.65	3.0
0.405	4.625737860160925	5	4.62	8	7.11	4.62	1.0
0.406	4.749525258342899	5	4.62	1	0.0	2.51	2.0
0.40700000000000003	4.87257296558617	5	4.62	7	7.11	11.83	8.0
0.40800000000000003	4.9947595486594185	5	4.62	6	6.529999999999999	0.0	-0.0
0.40900000000000003	5.115964424156916	5	5.39	2	2.51	6.529999999999999	4.0
0.41000000000000003	5.236067977499794	5	5.39	8	7.11	6.529999999999999	4.0
0.41100000000000003	5.35495168098117	5	5.39	4	4.62	2.51	2.0
0.41200000000000003	5.472498210738715	5	5.39	6	6.529999999999999	11.83	8.0
0.41300000000000003	5.588591562539126	6	5.39	5	4.62	0.0	-0.0
0.41400000000000003	5.703117166260292	6	5.39	7	7.11	9.19	7.0
0.41500000000000004	5.815961998958189	6	5.39	4	4.62	6.65	3.0
0.41600000000000004	5.927014696406862	6	5.39	8	7.11	2.51	2.0
0.417	6.036165663001479	6	6.529999999999999	4	4.62	11.83	8.0
0.418	6.14330717991598	6	6.529999999999999	8	7.11	0.0	-0.0
0.419	6.2483335114085214	6	6.529999999999999	5	4.62	11.83	8.0
0.42	6.351141009169891	6	6.529999999999999	7	7.11	2.51	2.0
0.421	6.451628214611904	6	6.529999999999999	6	6.529999999999999	11.83	8.0
0.422	6.549695958994756	7	6.529999999999999	7	7.11	0.0	-0.0
0.423	6.645247461294604	7	6.65	6	6.529999999999999	11.83	8.0
0.424	6.738188423714751	7	6.65	8	7.11	6.529999999999999	4.0
0.425	6.828427124746186	7	6.65	5	4.62	6.529999999999999	4.0
0.426	6.915874509685642	7	7.11	8	7.11	5.39	5.0
0.427	7.000444278521838	7	7.11	8	7.11	11.83	8.0
0.428	7.082052971103156	7	7.11	5	4.62	4.62	1.0
0.429	7.160620049502761	7	7.11	8	7.11	5.39	5.0
0.43	7.236067977499788	7	7.11	8	7.11	11.83	8.0
0.431	7.308322297098245	7	7.11	6	6.529999999999999	6.65	3.0
0.432	7.3773117020080585	7	7.11	8	7.11	6.529999999999999	4.0
0.433	7.442968108015773	7	7.11	8	7.11	7.11	6.0
0.434	7.505226720175452	8	7.11	7	7.11	11.83	8.0
0.435	7.564026096753469	8	7.11	7	7.11	2.51	2.0
0.436	7.619308209864078	8	7.11	8	7.11	11.83	8.0
0.437	7.671018502735924	8	7.11	8	7.11	5.39	5.0
0.438	7.719105943553005	8	7.11	8	7.11	11.83	8.0
0.439	7.763523075816901	8	7.11	7	7.11	6.65	3.0
0.44	7.804226065180614	8	7.11	8	7.11	5.39	5.0
0.441	7.841174742707771	8	7.11	8	7.11	11.83	8.0
0.442	7.874332644514523	8	7.11	8	7.11	5.39	4.9999999999999964
0.443	7.903667047754989	8	7.11	8	7.11	11.83	8.0
0.444	7.929149002914755	8	7.11	8	7.11	6.65	3.0
0.445	7.950753362380551	8	7.11	8	7.11	5.39	5.0
0.446	7.968458805257912	8	7.11	8	7.11	11.83	8.0
0.447	7.98224785841232	8	7.11	8	7.11	5.39	5.0
0.448	7.992106913713086	8	7.11	8	7.11	11.83	8.0
0.449	7.998026241462926	8	7.11	8	7.11	6.529999999999999	4.0
0.45	8.0	8	7.11	8	7.11	7.11	6.0
0.451	7.998026241462926	8	7.11	8	7.11	11.83	8.0
0.452	7.992106913713087	8	7.11	8	7.11	6.65	3.0
0.453	7.98224785841232	8	7.11	8	7.11	7.11	6.0
0.454	7.968458805257911	8	7.11	8	7.11	11.83	8.0
0.455	7.950753362380551	8	7.11	8	7.11	6.65	3.0
0.456	7.929149002914754	8	7.11	8	7.11	5.39	5.0
0.457	7.90366704775499	8	7.11	8	7.11	11.83	8.0
0.458	7.874332644514524	8	7.11	8	7.11	5.39	5.0
0.459	7.841174742707773	8	7.11	8	7.11	11.83	8.0
0.46	7.804226065180615	8	7.11	7	7.11	6.65	3.0
0.461	7.763523075816902	8	7.11	8	7.11	5.39	5.0
0.462	7.7191059435530045	8	7.11	8	7.11	11.83	8.0
0.463	7.671018502735924	8	7.11	8	7.11	6.529999999999999	4.0
0.464	7.619308209864077	8	7.11	7	7.11	7.11	6.0
0.465	7.564026096753471	8	7.11	8	7.11	9.19	7.0
0.466	7.505226720175454	8	7.11	7	7.11	5.39	5.0
0.467	7.442968108015775	7	7.11	8	7.11	11.83	8.0
0.468	7.377311702008061	7	7.11	7	7.11	2.51	2.0
0.46900000000000003	7.308322297098249	7	7.11	8	7.11	11.83	8.0
0.47000000000000003	7.236067977499786	7	7.11	6	6.529999999999999	6.529999999999999	4.0
0.47100000000000003	7.160620049502759	7	7.11	8	7.11	5.39	5.0
0.47200000000000003	7.082052971103154	7	7.11	8	7.11	11.83	8.0
0.47300000000000003	7.000444278521837	7	7.11	5	4.62	4.62	1.0
0.47400000000000003	6.915874509685645	7	7.11	8	7.11	5.39	5.0
0.47500000000000003	6.828427124746189	7	6.65	8	7.11	11.83	8.0
0.47600000000000003	6.738188423714754	7	6.65	4	4.62	4.62	1.0
0.47700000000000004	6.645247461294607	7	6.65	8	7.11	6.529999999999999	4.0
0.47800000000000004	6.549695958994759	7	6.529999999999999	8	7.11	7.11	6.0
0.47900000000000004	6.451628214611901	6	6.529999999999999	4	4.62	5.39	5.0
0.48	6.351141009169894	6	6.529999999999999	8	7.11	11.83	8.0
0.481	6.248333511408525	6	6.529999999999999	6	6.529999999999999	0.0	-0.0
0.482	6.14330717991599	6	6.529999999999999	5	4.62	11.83	8.0
0.483	6.036165663001489	6	6.529999999999999	8	7.11	4.62	1.0
0.484	5.927014696406866	6	5.39	4	4.62	6.65	3.0
0.485	5.815961998958192	6	5.39	7	7.11	6.65	3.0
0.486	5.703117166260297	6	5.39	6	6.529999999999999	2.51	2.0
0.487	5.588591562539129	6	5.39	4	4.62	11.83	8.0
0.488	5.472498210738713	5	5.39	8	7.11	0.0	-0.0
0.489	5.354951680981167	5	5.39	3	2.51	9.19	7.0
0.49	5.236067977499792	5	5.39	6	6.529999999999999	2.51	2.0
0.491	5.11596442415692	5	5.39	7	7.11	7.11	6.0
0.492	4.994759548659423	5	4.62	2	2.51	6.529999999999999	4.0
0.493	4.8725729655861745	5	4.62	7	7.11	0.0	-0.0
0.494	4.749525258342904	5	4.62	4	4.62	11.83	8.0
0.495	4.625737860160929	5	4.62	4	4.62	0.0	-0.0
0.496	4.501332934257217	5	4.62	7	7.11	6.529999999999999	4.0
0.497	4.376433253274057	4	4.62	1	0.0	2.51	2.0
0.498	4.251162078117255	4	4.62	7	7.11	9.19	7.0
0.499	4.125643036312515	4	4.62	3	2.51	0.0	-0.0
0.5	4.000000000000003	4	4.62	3	2.51	6.529999999999999	4.0
0.501	3.87435696368749	4	4.62	6	6.529999999999999	4.62	1.0
0.502	3.7488379218827506	4	4.62	2	2.51	0.0	-0.0
0.503	3.623566746725947	4	4.62	4	4.62	11.83	8.0
0.504	3.4986670657427883	3	2.51	5	4.62	0.0	-0.0
0.505	3.3742621398390753	3	2.51	0	0.0	0.0	-0.0
0.506	3.250474741657101	3	2.51	7	7.11	9.19	7.0
0.507	3.12742703441383	3	2.51	1	0.0	0.0	-0.0
0.508	3.005240451340582	3	2.51	2	2.51	2.51	2.0
0.509	2.8840355758430847	3	2.51	6	6.529999999999999	5.39	5.0
0.51	2.7639320225002058	3	2.51	0	0.0	0.0	-0.0
0.511	2.645048319018837	3	2.51	4	4.62	5.39	5.0
0.512	2.527501789261285	3	2.51	2	2.51	0.0	-0.0
0.513	2.4114084374608815	2	2.51	3	2.51	6.529999999999999	4.0
0.514	2.2968828337397076	2	2.51	1	0.0	0.0	-0.0
0.515	2.1840380010418183	2	2.51	4	4.62	0.0	-0.0
0.516	2.0729853035931383	2	2.51	0	0.0	7.11	6.0
0.517	1.9638343369985214	2	2.51	4	4.62	0.0	-0.0
0.518	1.8566928200840143	2	2.51	0	0.0	0.0	-0.0
0.519	1.7516664885914732	2	2.51	3	2.51	6.529999999999999	4.0
0.52	1.6488589908301097	2	2.51	1	0.0	0.0	-0.0
0.521	1.548371785388091	2	2.51	2	2.51	0.0	-0.0
0.522	1.4503040410052441	1	2.51	1	0.0	4.62	1.0
0.523	1.3547525387053905	1	2.51	2	2.51	0.0	-0.0
0.524	1.261811576285249	1	2.51	0	0.0	0.0	-0.0
0.525	1.1715728752538093	1	0.0	3	2.51	6.65	3.0
0.526	1.084125490314349	1	0.0	0	0.0	0.0	-0.0
0.527	0.9995557214781621	1	0.0	0	0.0	0.0	-0.0
0.528	0.9179470288968394	1	0.0	3	2.51	0.0	-0.0
0.529	0.8393799504972397	1	0.0	0	0.0	4.62	1.0
0.53	0.7639320225002075	1	0.0	0	0.0	0.0	-0.0
0.531	0.6916777029017545	1	0.0	2	2.51	0.0	-0.0
0.532	0.6226882979919379	1	0.0	0	0.0	0.0	-0.0
0.533	0.5570318919842281	1	0.0	0	0.0	2.51	2.0
0.534	0.4947732798245448	0	0.0	1	0.0	0.0	-0.0
0.535	0.43597390324652485	0	0.0	1	0.0	0.0	-0.0
0.536	0.3806917901359217	0	0.0	0	0.0	0.0	-0.0
0.537	0.3289814972640728	0	0.0	0	0.0	4.62	1.0
0.538	0.2808940564469946	0	0.0	0	0.0	0.0	-0.0
0.539	0.2364769241830964	0	0.0	1	0.0	0.0	-0.0
0.54	0.19577393481938632	0	0.0	0	0.0	0.0	-0.0
0.541	0.15882525729222685	0	0.0	0	0.0	0.0	-0.0
0.542	0.12566735548547658	0	0.0	0	0.0	0.0	-0.0
0.543	0.09633295224500982	0	0.0	0	0.0	4.62	1.0
0.544	0.07085099708524378	0	0.0	0	0.0	0.0	-0.0
0.545	0.04924663761944892	0	0.0	0	0.0	0.0	-0.0
0.546	0.03154119474208761	0	0.0	0	0.0	0.0	-0.0
0.547	0.017752141587680015	0	0.0	0	0.0	0.0	-0.0
0.548	0.00789308628691332	0	0.0	0	0.0	0.0	-0.0
0.549	0.001973758537074044	0	0.0	0	0.0	0.0	-0.0
0.55	0.0	0	0.0	0	0.0	0.0	-0.0
0.551	0.0019737585370736	0	0.0	0	0.0	0.0	0.0
0.552	0.007893086286913764	0	0.0	0	0.0	0.0	0.0
0.553	0.017752141587680903	0	0.0	0	0.0	0.0	0.0
0.554	0.03154119474208894	0	0.0	0	0.0	0.0	-0.0
0.555	0.04924663761945025	0	0.0	0	0.0	0.0	-0.0
0.556	0.07085099708524512	0	0.0	0	0.0	0.0	-0.0
0.557	0.09633295224501204	0	0.0	0	0.0	0.0	0.0
0.558	0.12566735548547525	0	0.0	0	0.0	0.0	0.0
0.559	0.15882525729222907	0	0.0	0	0.0	0.0	0.0
0.56	0.195773934819385	0	0.0	1	0.0	4.62	1.0
0.561	0.2364769241830995	0	0.0	0	0.0	0.0	-0.0
0.562	0.28089405644699816	0	0.0	0	0.0	0.0	-0.0
0.5630000000000001	0.32898149726407633	0	0.0	0	0.0	0.0	-0.0
0.5640000000000001	0.3806917901359257	0	0.0	1	0.0	0.0	-0.0
0.5650000000000001	0.43597390324652885	0	0.0	0	0.0	0.0	-0.0
0.5660000000000001	0.4947732798245492	0	0.0	1	0.0	2.51	2.0
0.5670000000000001	0.557031891984225	1	0.0	0	0.0	0.0	-0.0
0.5680000000000001	0.6226882979919428	1	0.0	1	0.0	0.0	-0.0
0.5690000000000001	0.6916777029017513	1	0.0	0	0.0	0.0	0.0
0.5700000000000001	0.7639320225002129	1	0.0	2	2.51	6.65	3.0
0.5710000000000001	0.839379950497245	1	0.0	0	0.0	0.0	-0.0
0.5720000000000001	0.9179470288968448	1	0.0	0	0.0	0.0	-0.0
0.5730000000000001	0.9995557214781678	1	0.0	3	2.51	0.0	-0.0
0.5740000000000001	1.0841254903143547	1	0.0	0	0.0	0.0	-0.0
0.5750000000000001	1.1715728752538155	1	0.0	0	0.0	5.39	5.0
0.5760000000000001	1.261811576285245	1	2.51	4	4.62	0.0	-0.0
0.577	1.3547525387053865	1	2.51	0	0.0	0.0	-0.0
0.578	1.4503040410052401	1	2.51	0	0.0	4.62	1.0
0.579	1.548371785388087	2	2.51	4	4.62	0.0	-0.0
0.58	1.6488589908301052	2	2.51	0	0.0	0.0	-0.0
0.581	1.7516664885914688	2	2.51	2	2.51	6.529999999999999	4.000000000000003
0.582	1.8566928200840098	2	2.51	3	2.51	0.0	-0.0
0.583	1.9638343369985045	2	2.51	0	0.0	0.0	-0.0
0.584	2.072985303593134	2	2.51	4	4.62	6.529999999999999	4.0
0.585	2.1840380010418006	2	2.51	1	0.0	0.0	-0.0
0.586	2.296882833739703	2	2.51	2	2.51	0.0	-0.0
0.587	2.411408437460877	2	2.51	4	4.62	7.11	6.0000000000000036
0.588	2.5275017892612803	3	2.51	0	0.0	0.0	-0.0
0.589	2.6450483190188327	3	2.51	5	4.62	4.62	1.0
0.59	2.763932022500201	3	2.51	2	2.51	0.0	-0.0
0.591	2.88403557584308	3	2.51	1	0.0	5.39	5.0
0.592	3.00524045134057	3	2.51	6	6.529999999999999	4.62	1.0
0.593	3.1274270344138246	3	2.51	1	0.0	0.0	-0.0
0.594	3.2504747416570887	3	2.51	4	4.62	6.65	3.0
0.595	3.37426213983907	3	2.51	4	4.62	0.0	-0.0
0.596	3.498667065742783	3	2.51	1	0.0	5.39	5.0
0.597	3.6235667467259347	4	4.62	7	7.11	6.529999999999999	4.0
0.598	3.7488379218827452	4	4.62	1	0.0	0.0	-0.0
0.599	3.8743569636874775	4	4.62	5	4.62	6.529999999999999	4.0
0.6	3.999999999999997	4	4.62	5	4.62	4.62	1.0
0.601	4.1256430363125025	4	4.62	2	2.51	0.0	-0.0
0.602	4.251162078117249	4	4.62	6	6.529999999999999	11.83	8.0
0.603	4.376433253274045	4	4.62	4	4.62	0.0	-0.0
0.604	4.501332934257212	5	4.62	3	2.51	6.65	3.0
0.605	4.625737860160924	5	4.62	8	7.11	4.62	1.0
0.606	4.749525258342891	5	4.62	1	0.0	2.51	2.0
0.607	4.872572965586169	5	4.62	7	7.11	11.83	8.0
0.608	4.9947595486594105	5	4.62	6	6.529999999999999	0.0	-0.0
0.609	5.115964424156915	5	5.39	2	2.51	6.529999999999999	4.0
0.61	5.23606797749978	5	5.39	8	7.11	6.529999999999999	4.0
0.611	5.354951680981162	5	5.39	4	4.62	2.51	2.0
0.612	5.472498210738701	5	5.39	6	6.529999999999999	11.83	8.0
0.613	5.588591562539118	6	5.39	5	4.62	0.0	-0.0
0.614	5.7031171662602915	6	5.39	7	7.11	9.19	7.0
0.615	5.815961998958182	6	5.39	4	4.62	6.65	3.0
0.616	5.927014696406861	6	5.39	8	7.11	2.51	2.0
0.617	6.036165663001478	6	6.529999999999999	4	4.62	11.83	8.0
0.618	6.143307179915985	6	6.529999999999999	8	7.11	0.0	-0.0
0.619	6.248333511408514	6	6.529999999999999	5	4.62	11.83	8.0
0.62	6.35114100916989	6	6.529999999999999	7	7.11	2.51	2.0
0.621	6.451628214611908	6	6.529999999999999	6	6.529999999999999	11.83	8.0
0.622	6.549695958994755	7	6.529999999999999	7	7.11	0.0	-0.0
0.623	6.645247461294609	7	6.65	6	6.529999999999999	11.83	8.0
0.624	6.7381884237147505	7	6.65	8	7.11	6.529999999999999	4.0
0.625	6.828427124746191	7	6.65	5	4.62	6.529999999999999	4.0
0.626	6.915874509685641	7	7.11	8	7.11	5.39	5.0
0.627	7.0004442785218375	7	7.11	8	7.11	11.83	8.0
0.628	7.082052971103151	7	7.11	5	4.62	4.62	1.0
0.629	7.16062004950276	7	7.11	8	7.11	5.39	5.0
0.63	7.236067977499792	7	7.11	8	7.11	11.83	8.0
0.631	7.308322297098245	7	7.11	6	6.529999999999999	6.65	3.0
0.632	7.377311702008061	7	7.11	8	7.11	6.529999999999999	4.0
0.633	7.442968108015772	7	7.11	8	7.11	7.11	6.0
0.634	7.505226720175455	8	7.11	7	7.11	11.83	8.0
0.635	7.5640260967534685	8	7.11	7	7.11	2.51	2.0
0.636	7.619308209864078	8	7.11	8	7.11	11.83	8.0
0.637	7.6710185027359215	8	7.11	8	7.11	5.39	5.0
0.638	7.719105943553005	8	7.11	8	7.11	11.83	8.0
0.639	7.763523075816904	8	7.11	7	7.11	6.65	3.0
0.64	7.804226065180613	8	7.11	8	7.11	5.39	5.0
0.641	7.841174742707773	8	7.11	8	7.11	11.83	8.0
0.642	7.874332644514523	8	7.11	8	7.11	5.39	4.999999999999998
0.643	7.90366704775499	8	7.11	8	7.11	11.83	8.0
0.644	7.9291490029147536	8	7.11	8	7.11	6.65	3.0
0.645	7.950753362380551	8	7.11	8	7.11	5.39	5.0
0.646	7.96845880525791	8	7.11	8	7.11	11.83	8.0
0.647	7.98224785841232	8	7.11	8	7.11	5.39	5.0
0.648	7.992106913713087	8	7.11	8	7.11	11.83	8.0
0.649	7.9980262414629255	8	7.11	8	7.11	6.529999999999999	4.0
0.65	8.0	8	7.11	8	7.11	7.11	6.0
0.651	7.998026241462926	8	7.11	8	7.11	11.83	8.0
0.652	7.992106913713086	8	7.11	8	7.11	6.65	3.0
0.653	7.98224785841232	8	7.11	8	7.11	7.11	6.0
0.654	7.968458805257911	8	7.11	8	7.11	11.83	8.0
0.655	7.950753362380552	8	7.11	8	7.11	6.65	3.0
0.656	7.929149002914755	8	7.11	8	7.11	5.39	5.0
0.657	7.903667047754988	8	7.11	8	7.11	11.83	8.0
0.658	7.874332644514524	8	7.11	8	7.11	5.39	5.0
0.659	7.841174742707771	8	7.11	8	7.11	11.83	8.0
0.66	7.8042260651806155	8	7.11	7	7.11	6.65	3.0
0.661	7.7635230758169005	8	7.11	8	7.11	5.39	5.0
0.662	7.719105943553007	8	7.11	8	7.11	11.83	8.0
0.663	7.671018502735924	8	7.11	8	7.11	6.529999999999999	4.0
0.664	7.619308209864075	8	7.11	7	7.11	7.11	6.0
0.665	7.564026096753471	8	7.11	8	7.11	9.19	7.0
0.666	7.505226720175451	8	7.11	7	7.11	5.39	5.0
0.667	7.442968108015775	7	7.11	8	7.11	11.83	8.0
0.668	7.377311702008058	7	7.11	7	7.11	2.51	2.0
0.669	7.308322297098249	7	7.11	8	7.11	11.83	8.0
0.67	7.236067977499788	7	7.11	6	6.529999999999999	6.529999999999999	4.0
0.671	7.160620049502764	7	7.11	8	7.11	5.39	5.0
0.672	7.082052971103155	7	7.11	8	7.11	11.83	8.0
0.673	7.000444278521833	7	7.11	5	4.62	4.62	1.0
0.674	6.915874509685645	7	7.11	8	7.11	5.39	5.0
0.675	6.8284271247461845	7	6.65	8	7.11	11.83	8.0
0.676	6.738188423714755	7	6.65	4	4.62	4.62	1.0
0.677	6.645247461294603	7	6.65	8	7.11	6.529999999999999	4.0
0.678	6.549695958994761	7	6.529999999999999	8	7.11	7.11	6.0
0.679	6.451628214611903	6	6.529999999999999	4	4.62	5.39	5.0
0.68	6.351141009169895	6	6.529999999999999	8	7.11	11.83	8.0
0.681	6.24833351140852	6	6.529999999999999	6	6.529999999999999	0.0	-0.0
0.682	6.143307179915979	6	6.529999999999999	5	4.62	11.83	8.0
0.683	6.0361656630014835	6	6.529999999999999	8	7.11	4.62	1.0
0.684	5.927014696406854	6	5.39	4	4.62	6.65	3.0
0.685	5.815961998958187	6	5.39	7	7.11	6.65	3.0
0.686	5.703117166260284	6	5.39	6	6.529999999999999	2.51	2.0
0.687	5.588591562539124	6	5.39	4	4.62	11.83	8.0
0.6880000000000001	5.472498210738707	5	5.39	8	7.11	0.0	-0.0
0.6890000000000001	5.354951680981168	5	5.39	3	2.51	9.19	7.0
0.6900000000000001	5.236067977499786	5	5.39	6	6.529999999999999	2.51	2.0
0.6910000000000001	5.115964424156907	5	5.39	7	7.11	7.11	6.0
0.6920000000000001	4.994759548659417	5	4.62	2	2.51	6.529999999999999	4.0
0.6930000000000001	4.872572965586162	5	4.62	7	7.11	0.0	-0.0
0.6940000000000001	4.7495252583428975	5	4.62	4	4.62	11.83	8.0
0.6950000000000001	4.625737860160916	5	4.62	4	4.62	0.0	-0.0
0.6960000000000001	4.501332934257218	5	4.62	7	7.11	6.529999999999999	4.0
0.6970000000000001	4.376433253274051	4	4.62	1	0.0	2.51	2.0
0.6980000000000001	4.251162078117256	4	4.62	7	7.11	9.19	7.0
0.6990000000000001	4.125643036312509	4	4.62	3	2.51	0.0	-0.0
0.7000000000000001	3.9999999999999893	4	4.62	3	2.51	6.529999999999999	4.0
0.7010000000000001	3.8743569636874837	4	4.62	6	6.529999999999999	4.62	1.0
0.7020000000000001	3.7488379218827372	4	4.62	2	2.51	0.0	-0.0
0.7030000000000001	3.6235667467259414	4	4.62	4	4.62	11.83	8.0
0.704	3.498667065742789	3	2.51	5	4.62	0.0	-0.0
0.705	3.3742621398390904	3	2.51	0	0.0	0.0	-0.0
0.706	3.250474741657109	3	2.51	7	7.11	9.19	7.0
0.707	3.127427034413831	3	2.51	1	0.0	0.0	-0.0
0.708	3.0052404513405895	3	2.51	2	2.51	2.51	2.0
0.709	2.8840355758430856	3	2.51	6	6.529999999999999	5.39	5.0
0.71	2.7639320225002204	3	2.51	0	0.0	0.0	-0.0
0.711	2.6450483190188385	3	2.51	4	4.62	5.39	5.0
0.712	2.5275017892612994	3	2.51	2	2.51	0.0	-0.0
0.713	2.4114084374608824	2	2.51	3	2.51	6.529999999999999	4.0
0.714	2.296882833739722	2	2.51	1	0.0	0.0	-0.0
0.715	2.184038001041819	2	2.51	4	4.62	0.0	-0.0
0.716	2.072985303593139	2	2.51	0	0.0	7.11	6.0
0.717	1.9638343369985223	2	2.51	4	4.62	0.0	-0.0
0.718	1.8566928200840151	2	2.51	0	0.0	0.0	-0.0
0.719	1.7516664885914857	2	2.51	3	2.51	6.529999999999999	4.0
0.72	1.6488589908301101	2	2.51	1	0.0	0.0	-0.0
0.721	1.548371785388103	2	2.51	2	2.51	0.0	-0.0
0.722	1.450304041005245	1	2.51	1	0.0	4.62	1.0
0.723	1.354752538705402	1	2.51	2	2.51	0.0	-0.0
0.724	1.26181157628525	1	2.51	0	0.0	0.0	-0.0
0.725	1.1715728752538097	1	0.0	3	2.51	6.65	3.0
0.726	1.0841254903143596	1	0.0	0	0.0	0.0	-0.0
0.727	0.9995557214781625	1	0.0	0	0.0	0.0	-0.0
0.728	0.9179470288968488	1	0.0	3	2.51	0.0	-0.0
0.729	0.8393799504972401	1	0.0	0	0.0	4.62	1.0
0.73	0.7639320225002164	1	0.0	0	0.0	0.0	-0.0
0.731	0.6916777029017553	1	0.0	2	2.51	0.0	-0.0
0.732	0.6226882979919464	1	0.0	0	0.0	0.0	-0.0
0.733	0.5570318919842285	1	0.0	0	0.0	2.51	2.0
0.734	0.4947732798245452	0	0.0	1	0.0	0.0	-0.0
0.735	0.43597390324653196	0	0.0	1	0.0	0.0	-0.0
0.736	0.38069179013592214	0	0.0	0	0.0	0.0	-0.0
0.737	0.328981497264079	0	0.0	0	0.0	4.62	1.0
0.738	0.28089405644699506	0	0.0	0	0.0	0.0	-0.0
0.739	0.23647692418310173	0	0.0	1	0.0	0.0	-0.0
0.74	0.19577393481938676	0	0.0	0	0.0	0.0	-0.0
0.741	0.15882525729223085	0	0.0	0	0.0	0.0	-0.0
0.742	0.12566735548547658	0	0.0	0	0.0	0.0	-0.0
0.743	0.09633295224501026	0	0.0	0	0.0	4.62	1.0
0.744	0.07085099708524645	0	0.0	0	0.0	0.0	-0.0
0.745	0.04924663761944892	0	0.0	0	0.0	0.0	-0.0
0.746	0.03154119474208983	0	0.0	0	0.0	0.0	-0.0
0.747	0.017752141587680015	0	0.0	0	0.0	0.0	-0.0
0.748	0.007893086286914208	0	0.0	0	0.0	0.0	-0.0
0.749	0.001973758537074044	0	0.0	0	0.0	0.0	-0.0
0.75	0.0	0	0.0	0	0.0	0.0	-0.0
0.751	0.0019737585370736	0	0.0	0	0.0	0.0	0.0
0.752	0.007893086286913764	0	0.0	0	0.0	0.0	0.0
0.753	0.01775214158767957	0	0.0	0	0.0	0.0	0.0
0.754	0.03154119474208894	0	0.0	0	0.0	0.0	-0.0
0.755	0.04924663761944803	0	0.0	0	0.0	0.0	-0.0
0.756	0.07085099708524512	0	0.0	0	0.0	0.0	-0.0
0.757	0.09633295224500849	0	0.0	0	0.0	0.0	0.0
0.758	0.1256673554854748	0	0.0	0	0.0	0.0	0.0
0.759	0.15882525729222907	0	0.0	0	0.0	0.0	0.0
0.76	0.19577393481938454	0	0.0	1	0.0	4.62	1.0
0.761	0.23647692418309907	0	0.0	0	0.0	0.0	-0.0
0.762	0.2808940564469924	0	0.0	0	0.0	0.0	-0.0
0.763	0.3289814972640759	0	0.0	0	0.0	0.0	-0.0
0.764	0.38069179013591903	0	0.0	1	0.0	0.0	-0.0
0.765	0.4359739032465284	0	0.0	0	0.0	0.0	-0.0
0.766	0.49477327982454167	0	0.0	1	0.0	2.51	2.0
0.767	0.5570318919842245	1	0.0	0	0.0	0.0	-0.0
0.768	0.6226882979919424	1	0.0	1	0.0	0.0	-0.0
0.769	0.6916777029017509	1	0.0	0	0.0	0.0	0.0
0.77	0.7639320225002124	1	0.0	2	2.51	6.65	3.0
0.771	0.8393799504972357	1	0.0	0	0.0	0.0	-0.0
0.772	0.9179470288968443	1	0.0	0	0.0	0.0	-0.0
0.773	0.9995557214781576	1	0.0	3	2.51	0.0	-0.0
0.774	1.0841254903143542	1	0.0	0	0.0	0.0	-0.0
0.775	1.1715728752538048	1	0.0	0	0.0	5.39	5.0
0.776	1.2618115762852447	1	2.51	4	4.62	0.0	-0.0
0.777	1.3547525387053967	1	2.51	0	0.0	0.0	-0.0
0.778	1.4503040410052392	1	2.51	0	0.0	4.62	1.0
0.779	1.5483717853880972	2	2.51	4	4.62	0.0	-0.0
0.78	1.6488589908301043	2	2.51	0	0.0	0.0	-0.0
0.781	1.7516664885914799	2	2.51	2	2.51	6.529999999999999	4.000000000000002
0.782	1.856692820084009	2	2.51	3	2.51	0.0	-0.0
0.783	1.9638343369985156	2	2.51	0	0.0	0.0	-0.0
0.784	2.072985303593133	2	2.51	4	4.62	6.529999999999999	4.0
0.785	2.1840380010418126	2	2.51	1	0.0	0.0	-0.0
0.786	2.2968828337397147	2	2.51	2	2.51	0.0	-0.0
0.787	2.411408437460876	2	2.51	4	4.62	7.11	6.0000000000000036
0.788	2.5275017892612928	3	2.51	0	0.0	0.0	-0.0
0.789	2.6450483190188314	3	2.51	5	4.62	4.62	1.0
0.79	2.7639320225002133	3	2.51	2	2.51	0.0	-0.0
0.791	2.884035575843079	3	2.51	1	0.0	5.39	5.0
0.792	3.0052404513405824	3	2.51	6	6.529999999999999	4.62	1.0
0.793	3.1274270344138237	3	2.51	1	0.0	0.0	-0.0
0.794	3.2504747416571016	3	2.51	4	4.62	6.65	3.0
0.795	3.3742621398390833	3	2.51	4	4.62	0.0	-0.0
0.796	3.498667065742782	3	2.51	1	0.0	5.39	5.0
0.797	3.623566746725948	4	4.62	7	7.11	6.529999999999999	4.0
0.798	3.748837921882744	4	4.62	1	0.0	0.0	-0.0
0.799	3.874356963687491	4	4.62	5	4.62	6.529999999999999	4.0
0.8	3.999999999999996	4	4.62	5	4.62	4.62	1.0
0.801	4.125643036312516	4	4.62	2	2.51	0.0	-0.0
0.802	4.251162078117263	4	4.62	6	6.529999999999999	11.83	8.0
0.803	4.376433253274058	4	4.62	4	4.62	0.0	-0.0
0.804	4.501332934257224	5	4.62	3	2.51	6.65	3.0
0.805	4.625737860160923	5	4.62	8	7.11	4.62	1.0
0.806	4.749525258342905	5	4.62	1	0.0	2.51	2.0
0.807	4.872572965586168	5	4.62	7	7.11	11.83	8.0
0.808	4.994759548659424	5	4.62	6	6.529999999999999	0.0	-0.0
0.809	5.115964424156914	5	5.39	2	2.51	6.529999999999999	4.0
0.81	5.2360679774997925	5	5.39	8	7.11	6.529999999999999	4.0
0.811	5.354951680981174	5	5.39	4	4.62	2.51	2.0
0.812	5.4724982107387135	5	5.39	6	6.529999999999999	11.83	8.0
0.8130000000000001	5.58859156253913	6	5.39	5	4.62	0.0	-0.0
0.8140000000000001	5.703117166260291	6	5.39	7	7.11	9.19	7.0
0.8150000000000001	5.815961998958193	6	5.39	4	4.62	6.65	3.0
0.8160000000000001	5.92701469640686	6	5.39	8	7.11	2.51	2.0
0.8170000000000001	6.03616566300149	6	6.529999999999999	4	4.62	11.83	8.0
0.8180000000000001	6.143307179915984	6	6.529999999999999	8	7.11	0.0	-0.0
0.8190000000000001	6.248333511408525	6	6.529999999999999	5	4.62	11.83	8.0
0.8200000000000001	6.3511410091699005	6	6.529999999999999	7	7.11	2.51	2.0
0.8210000000000001	6.451628214611908	6	6.529999999999999	6	6.529999999999999	11.83	8.0
0.8220000000000001	6.549695958994766	7	6.529999999999999	7	7.11	0.0	-0.0
0.8230000000000001	6.645247461294608	7	6.65	6	6.529999999999999	11.83	8.0
0.8240000000000001	6.73818842371476	7	6.65	8	7.11	6.529999999999999	4.0
0.8250000000000001	6.82842712474619	7	6.65	5	4.62	6.529999999999999	4.0
0.8260000000000001	6.915874509685651	7	7.11	8	7.11	5.39	5.0
0.8270000000000001	7.000444278521837	7	7.11	8	7.11	11.83	8.0
0.8280000000000001	7.08205297110316	7	7.11	5	4.62	4.62	1.0
0.8290000000000001	7.160620049502768	7	7.11	8	7.11	5.39	5.0
0.8300000000000001	7.236067977499792	7	7.11	8	7.11	11.83	8.0
0.8310000000000001	7.308322297098252	7	7.11	6	6.529999999999999	6.65	3.0
0.8320000000000001	7.377311702008061	7	7.11	8	7.11	6.529999999999999	4.0
0.833	7.442968108015771	7	7.11	8	7.11	7.11	6.0
0.834	7.505226720175448	8	7.11	7	7.11	11.83	8.0
0.835	7.564026096753468	8	7.11	7	7.11	2.51	2.0
0.836	7.619308209864071	8	7.11	8	7.11	11.83	8.0
0.837	7.671018502735921	8	7.11	8	7.11	5.39	5.0
0.838	7.7191059435530045	8	7.11	8	7.11	11.83	8.0
0.839	7.763523075816899	8	7.11	7	7.11	6.65	3.0
0.84	7.804226065180613	8	7.11	8	7.11	5.39	5.0
0.841	7.84117474270777	8	7.11	8	7.11	11.83	8.0
0.842	7.8743326445145225	8	7.11	8	7.11	5.39	4.999999999999997
0.843	7.903667047754986	8	7.11	8	7.11	11.83	8.0
0.844	7.9291490029147536	8	7.11	8	7.11	6.65	3.0
0.845	7.950753362380551	8	7.11	8	7.11	5.39	5.0
0.846	7.96845880525791	8	7.11	8	7.11	11.83	8.0
0.847	7.98224785841232	8	7.11	8	7.11	5.39	5.0
0.848	7.992106913713085	8	7.11	8	7.11	11.83	8.0
0.849	7.9980262414629255	8	7.11	8	7.11	6.529999999999999	4.0
0.85	8.0	8	7.11	8	7.11	7.11	6.0
0.851	7.998026241462926	8	7.11	8	7.11	11.83	8.0
0.852	7.992106913713087	8	7.11	8	7.11	6.65	3.0
0.853	7.98224785841232	8	7.11	8	7.11	7.11	6.0
0.854	7.968458805257912	8	7.11	8	7.11	11.83	8.0
0.855	7.950753362380552	8	7.11	8	7.11	6.65	3.0
0.856	7.929149002914755	8	7.11	8	7.11	5.39	5.0
0.857	7.9036670477549915	8	7.11	8	7.11	11.83	8.0
0.858	7.874332644514525	8	7.11	8	7.11	5.39	5.0
0.859	7.841174742707775	8	7.11	8	7.11	11.83	8.0
0.86	7.8042260651806155	8	7.11	7	7.11	6.65	3.0
0.861	7.763523075816906	8	7.11	8	7.11	5.39	5.0
0.862	7.719105943553007	8	7.11	8	7.11	11.83	8.0
0.863	7.671018502735924	8	7.11	8	7.11	6.529999999999999	4.0
0.864	7.619308209864081	8	7.11	7	7.11	7.11	6.0
0.865	7.564026096753471	8	7.11	8	7.11	9.19	7.0
0.866	7.505226720175458	8	7.11	7	7.11	5.39	5.0
0.867	7.4429681080157755	7	7.11	8	7.11	11.83	8.0
0.868	7.377311702008066	7	7.11	7	7.11	2.51	2.0
0.869	7.3083222970982495	7	7.11	8	7.11	11.83	8.0
0.87	7.236067977499797	7	7.11	6	6.529999999999999	6.529999999999999	4.0
0.871	7.160620049502764	7	7.11	8	7.11	5.39	5.0
0.872	7.082052971103156	7	7.11	8	7.11	11.83	8.0
0.873	7.000444278521842	7	7.11	5	4.62	4.62	1.0
0.874	6.915874509685646	7	7.11	8	7.11	5.39	5.0
0.875	6.828427124746195	7	6.65	8	7.11	11.83	8.0
0.876	6.738188423714756	7	6.65	4	4.62	4.62	1.0
0.877	6.645247461294614	7	6.65	8	7.11	6.529999999999999	4.0
0.878	6.549695958994761	7	6.529999999999999	8	7.11	7.11	6.0
0.879	6.451628214611914	6	6.529999999999999	4	4.62	5.39	5.0
0.88	6.351141009169896	6	6.529999999999999	8	7.11	11.83	8.0
0.881	6.248333511408521	6	6.529999999999999	6	6.529999999999999	0.0	-0.0
0.882	6.1433071799159915	6	6.529999999999999	5	4.62	11.83	8.0
0.883	6.036165663001485	6	6.529999999999999	8	7.11	4.62	1.0
0.884	5.927014696406868	6	5.39	4	4.62	6.65	3.0
0.885	5.815961998958188	6	5.39	7	7.11	6.65	3.0
0.886	5.703117166260299	6	5.39	6	6.529999999999999	2.51	2.0
0.887	5.588591562539125	6	5.39	4	4.62	11.83	8.0
0.888	5.472498210738708	5	5.39	8	7.11	0.0	-0.0
0.889	5.354951680981169	5	5.39	3	2.51	9.19	7.0
0.89	5.236067977499787	5	5.39	6	6.529999999999999	2.51	2.0
0.891	5.115964424156922	5	5.39	7	7.11	7.11	6.0
0.892	4.994759548659418	5	4.62	2	2.51	6.529999999999999	4.0
0.893	4.872572965586176	5	4.62	7	7.11	0.0	-0.0
0.894	4.749525258342898	5	4.62	4	4.62	11.83	8.0
0.895	4.625737860160932	5	4.62	4	4.62	0.0	-0.0
0.896	4.501332934257219	5	4.62	7	7.11	6.529999999999999	4.0
0.897	4.376433253274053	4	4.62	1	0.0	2.51	2.0
0.898	4.2511620781172565	4	4.62	7	7.11	9.19	7.0
0.899	4.12564303631251	4	4.62	3	2.51	0.0	-0.0
0.9	4.000000000000004	4	4.62	3	2.51	6.529999999999999	4.0
0.901	3.874356963687485	4	4.62	6	6.529999999999999	4.62	1.0
0.902	3.7488379218827523	4	4.62	2	2.51	0.0	-0.0
0.903	3.6235667467259423	4	4.62	4	4.62	11.83	8.0
0.904	3.49866706574279	3	2.51	5	4.62	0.0	-0.0
0.905	3.3742621398390775	3	2.51	0	0.0	0.0	-0.0
0.906	3.2504747416570963	3	2.51	7	7.11	9.19	7.0
0.907	3.127427034413832	3	2.51	1	0.0	0.0	-0.0
0.908	3.005240451340577	3	2.51	2	2.51	2.51	2.0
0.909	2.884035575843087	3	2.51	6	6.529999999999999	5.39	5.0
0.91	2.7639320225002075	3	2.51	0	0.0	0.0	-0.0
0.911	2.6450483190188394	3	2.51	4	4.62	5.39	5.0
0.912	2.527501789261287	3	2.51	2	2.51	0.0	-0.0
0.913	2.4114084374608833	2	2.51	3	2.51	6.529999999999999	4.0
0.914	2.2968828337397094	2	2.51	1	0.0	0.0	-0.0
0.915	2.1840380010418072	2	2.51	4	4.62	0.0	-0.0
0.916	2.07298530359314	2	2.51	0	0.0	7.11	6.0
0.917	1.9638343369985107	2	2.51	4	4.62	0.0	-0.0
0.918	1.856692820084016	2	2.51	0	0.0	0.0	-0.0
0.919	1.751666488591475	2	2.51	3	2.51	6.529999999999999	4.0
0.92	1.648858990830111	2	2.51	1	0.0	0.0	-0.0
0.921	1.5483717853880927	2	2.51	2	2.51	0.0	-0.0
0.922	1.4503040410052455	1	2.51	1	0.0	4.62	1.0
0.923	1.3547525387053923	1	2.51	2	2.51	0.0	-0.0
0.924	1.2618115762852402	1	2.51	0	0.0	0.0	-0.0
0.925	1.1715728752538106	1	0.0	3	2.51	6.65	3.0
0.926	1.0841254903143502	1	0.0	0	0.0	0.0	-0.0
0.927	0.9995557214781634	1	0.0	0	0.0	0.0	-0.0
0.928	0.9179470288968403	1	0.0	3	2.51	0.0	-0.0
0.929	0.839379950497241	1	0.0	0	0.0	4.62	1.0
0.93	0.7639320225002089	1	0.0	0	0.0	0.0	-0.0
0.931	0.6916777029017558	1	0.0	2	2.51	0.0	-0.0
0.932	0.6226882979919393	1	0.0	0	0.0	0.0	-0.0
0.933	0.5570318919842214	1	0.0	0	0.0	2.51	2.0
0.934	0.49477327982454566	0	0.0	1	0.0	0.0	-0.0
0.935	0.43597390324652574	0	0.0	1	0.0	0.0	-0.0
0.936	0.3806917901359226	0	0.0	0	0.0	0.0	-0.0
0.937	0.32898149726407366	0	0.0	0	0.0	4.62	1.0
0.9380000000000001	0.2808940564469955	0	0.0	0	0.0	0.0	-0.0
0.9390000000000001	0.23647692418309685	0	0.0	1	0.0	0.0	-0.0
0.9400000000000001	0.19577393481938277	0	0.0	0	0.0	0.0	-0.0
0.9410000000000001	0.1588252572922273	0	0.0	0	0.0	0.0	-0.0
0.9420000000000001	0.12566735548547348	0	0.0	0	0.0	0.0	-0.0
0.9430000000000001	0.09633295224501026	0	0.0	0	0.0	4.62	1.0
0.9440000000000001	0.07085099708524423	0	0.0	0	0.0	0.0	-0.0
0.9450000000000001	0.04924663761944936	0	0.0	0	0.0	0.0	-0.0
0.9460000000000001	0.03154119474208805	0	0.0	0	0.0	0.0	-0.0
0.9470000000000001	0.017752141587680015	0	0.0	0	0.0	0.0	-0.0
0.9480000000000001	0.00789308628691332	0	0.0	0	0.0	0.0	-0.0
0.9490000000000001	0.0019737585370736	0	0.0	0	0.0	0.0	-0.0
0.9500000000000001	0.0	0	0.0	0	0.0	0.0	-0.0
0.9510000000000001	0.001973758537074044	0	0.0	0	0.0	0.0	0.0
0.9520000000000001	0.007893086286913764	0	0.0	0	0.0	0.0	0.0
0.9530000000000001	0.01775214158768046	0	0.0	0	0.0	0.0	0.0
0.9540000000000001	0.031541194742088496	0	0.0	0	0.0	0.0	-0.0
0.9550000000000001	0.04924663761945025	0	0.0	0	0.0	0.0	-0.0
0.9560000000000001	0.07085099708524512	0	0.0	0	0.0	0.0	-0.0
0.9570000000000001	0.0963329522450116	0	0.0	0	0.0	0.0	0.0
0.9580000000000001	0.12566735548547836	0	0.0	0	0.0	0.0	0.0
0.9590000000000001	0.15882525729222863	0	0.0	0	0.0	0.0	0.0
0.96	0.1957739348193841	0	0.0	1	0.0	4.62	1.0
0.961	0.23647692418309374	0	0.0	0	0.0	0.0	-0.0
0.962	0.28089405644699195	0	0.0	0	0.0	0.0	-0.0
0.963	0.32898149726406967	0	0.0	0	0.0	0.0	-0.0
0.964	0.3806917901359186	0	0.0	1	0.0	0.0	-0.0
0.965	0.43597390324652174	0	0.0	0	0.0	0.0	-0.0
0.966	0.4947732798245412	0	0.0	1	0.0	2.51	2.0
0.967	0.5570318919842241	1	0.0	0	0.0	0.0	-0.0
0.968	0.6226882979919339	1	0.0	1	0.0	0.0	-0.0
0.969	0.6916777029017505	1	0.0	0	0.0	0.0	0.0
0.97	0.7639320225002035	1	0.0	2	2.51	6.65	3.0
0.971	0.8393799504972352	1	0.0	0	0.0	0.0	-0.0
0.972	0.9179470288968345	1	0.0	0	0.0	0.0	-0.0
0.973	0.9995557214781572	1	0.0	3	2.51	0.0	-0.0
0.974	1.084125490314344	1	0.0	0	0.0	0.0	-0.0
0.975	1.171572875253804	1	0.0	0	0.0	5.39	5.0
0.976	1.2618115762852438	1	2.51	4	4.62	0.0	-0.0
0.977	1.3547525387053851	1	2.51	0	0.0	0.0	-0.0
0.978	1.4503040410052384	1	2.51	0	0.0	4.62	1.0
0.979	1.5483717853880852	2	2.51	4	4.62	0.0	-0.0
0.98	1.6488589908301035	2	2.51	0	0.0	0.0	-0.0
0.981	1.751666488591467	2	2.51	2	2.51	6.529999999999999	4.000000000000001
0.982	1.856692820084008	2	2.51	3	2.51	0.0	-0.0
0.983	1.9638343369985147	2	2.51	0	0.0	0.0	-0.0
0.984	2.072985303593132	2	2.51	4	4.62	6.529999999999999	4.0
0.985	2.1840380010418117	2	2.51	1	0.0	0.0	-0.0
0.986	2.2968828337397014	2	2.51	2	2.51	0.0	-0.0
0.987	2.4114084374608753	2	2.51	4	4.62	7.11	6.000000000000003
0.988	2.5275017892612786	3	2.51	0	0.0	0.0	-0.0
0.989	2.6450483190188305	3	2.51	5	4.62	4.62	1.0
0.99	2.7639320225001986	3	2.51	2	2.51	0.0	-0.0
0.991	2.8840355758430776	3	2.51	1	0.0	5.39	5.0
0.992	3.0052404513405815	3	2.51	6	6.529999999999999	4.62	1.0
0.993	3.127427034413823	3	2.51	1	0.0	0.0	-0.0
0.994	3.2504747416571007	3	2.51	4	4.62	6.65	3.0
0.995	3.374262139839068	3	2.51	4	4.62	0.0	-0.0
0.996	3.498667065742781	3	2.51	1	0.0	5.39	5.0
0.997	3.623566746725933	4	4.62	7	7.11	6.529999999999999	4.0
0.998	3.748837921882743	4	4.62	1	0.0	0.0	-0.0
0.999	3.8743569636874757	4	4.62	5	4.62	6.529999999999999	4.0
